{
  "disease": {
    "one disease from the provided list or None": ["Sample ID 1", "Sample ID 6"],
    "another disease from the provided list or None": ["Sample ID 4", "Sample ID 8"]
  },
  "cell_line": {
    "one cell line from the list or None": ["Sample ID 3", "Sample ID 9"],
    "another cell line from the list or None": ["Sample ID 5", "Sample ID 7"]
  },
  "cell_type": {
    "one cell type from the list or None": ["Sample ID 11", "Sample ID 14"],
    "another cell type from the list or None": ["Sample ID 9", "Sample ID 12"]
  },
  "tissue": {
    "one tissue type from the list or None": ["Sample ID 13", "Sample ID 15"],
    "another tissue type from the list or None": ["Sample ID 10", "Sample ID 11"]
  },
  "drug": {
    "one drug from the list or None": ["Sample ID 17", "Sample ID 19"],
    "another drug from the list or None": ["Sample ID 16", "Sample ID 20"]
  },
  "treatment": {
    "one treatment from the list or None": ["Sample ID 21", "Sample ID 23"],
    "another treatment from the list or None": ["Sample ID 22", "Sample ID 24"]
  },
  "donor": {
    "YES": ["Sample ID 25", "Sample ID 26"],
    "NO": ["Sample ID 28", "Sample ID 27"]
  },
  "gene": {
    "one gene from the list or None": ["Sample ID 31", "Sample ID 33"],
    "another gene from the list or None": ["Sample ID 32", "Sample ID 34"]
  },
  "gene_modification": {
    "one genetic modification from the list or None": ["Sample ID 41", "Sample ID 43"],
    "another genetic modification from the list or None": ["Sample ID 42", "Sample ID 44"]
  }
}
